[{"model": "admin.logentry", "pk": 1, "fields": {"action_time": "2023-01-03T15:34:14.488Z", "user": 1, "content_type": 8, "object_id": "1", "object_repr": "Perfil object (1)", "action_flag": 1, "change_message": "[{\"added\": {}}]"}}, {"model": "admin.logentry", "pk": 2, "fields": {"action_time": "2023-01-03T15:34:34.274Z", "user": 1, "content_type": 8, "object_id": "1", "object_repr": "Perfil object (1)", "action_flag": 2, "change_message": "[]"}}, {"model": "admin.logentry", "pk": 3, "fields": {"action_time": "2023-01-03T15:38:45.617Z", "user": 1, "content_type": 11, "object_id": "1", "object_repr": "Caixa object (1)", "action_flag": 1, "change_message": "[{\"added\": {}}]"}}, {"model": "admin.logentry", "pk": 4, "fields": {"action_time": "2023-01-03T15:41:28.736Z", "user": 1, "content_type": 12, "object_id": "1", "object_repr": "Clear", "action_flag": 1, "change_message": "[{\"added\": {}}]"}}, {"model": "admin.logentry", "pk": 5, "fields": {"action_time": "2023-01-03T15:41:38.542Z", "user": 1, "content_type": 12, "object_id": "2", "object_repr": "XP", "action_flag": 1, "change_message": "[{\"added\": {}}]"}}, {"model": "admin.logentry", "pk": 6, "fields": {"action_time": "2023-01-03T15:41:48.702Z", "user": 1, "content_type": 12, "object_id": "3", "object_repr": "Itaú", "action_flag": 1, "change_message": "[{\"added\": {}}]"}}, {"model": "admin.logentry", "pk": 7, "fields": {"action_time": "2023-01-03T15:47:13.916Z", "user": 1, "content_type": 10, "object_id": "1", "object_repr": "ViDa - BIVB39: BRD ETF S&P 500", "action_flag": 1, "change_message": "[{\"added\": {}}]"}}, {"model": "admin.logentry", "pk": 8, "fields": {"action_time": "2023-01-03T15:52:49.223Z", "user": 1, "content_type": 9, "object_id": "2", "object_repr": "ViDa - BIVB39: 2022-12-31 12:52:14-03:00", "action_flag": 1, "change_message": "[{\"added\": {}}]"}}, {"model": "admin.logentry", "pk": 9, "fields": {"action_time": "2023-01-03T16:05:06.111Z", "user": 1, "content_type": 7, "object_id": "1", "object_repr": "ViDa - BIVB39: 2022-12-26", "action_flag": 1, "change_message": "[{\"added\": {}}]"}}, {"model": "admin.logentry", "pk": 10, "fields": {"action_time": "2023-01-03T16:40:57.395Z", "user": 1, "content_type": 13, "object_id": "1", "object_repr": "Parametro object (1)", "action_flag": 1, "change_message": "[{\"added\": {}}]"}}, {"model": "admin.logentry", "pk": 11, "fields": {"action_time": "2023-01-04T03:32:37.797Z", "user": 1, "content_type": 13, "object_id": "1", "object_repr": "Parametro object (1)", "action_flag": 2, "change_message": "[{\"changed\": {\"fields\": [\"E MAIL API\"]}}]"}}, {"model": "admin.logentry", "pk": 12, "fields": {"action_time": "2023-01-07T19:30:20.565Z", "user": 1, "content_type": 13, "object_id": "2", "object_repr": "Parametro object (2)", "action_flag": 2, "change_message": "[{\"changed\": {\"fields\": [\"Valor\"]}}]"}}, {"model": "admin.logentry", "pk": 13, "fields": {"action_time": "2023-01-08T22:28:21.219Z", "user": 1, "content_type": 6, "object_id": "2", "object_repr": "dani", "action_flag": 1, "change_message": "[{\"added\": {}}]"}}, {"model": "admin.logentry", "pk": 14, "fields": {"action_time": "2023-01-08T22:29:29.336Z", "user": 1, "content_type": 6, "object_id": "2", "object_repr": "dani", "action_flag": 2, "change_message": "[{\"changed\": {\"fields\": [\"First name\", \"Email address\", \"Last login\", \"Observacao\"]}}]"}}, {"model": "admin.logentry", "pk": 15, "fields": {"action_time": "2023-01-15T21:26:48.913Z", "user": 1, "content_type": 8, "object_id": "2", "object_repr": "Teste", "action_flag": 1, "change_message": "[{\"added\": {}}]"}}, {"model": "admin.logentry", "pk": 16, "fields": {"action_time": "2023-02-22T13:12:48.645Z", "user": 1, "content_type": 10, "object_id": "2", "object_repr": "BHYG39: iShares High Yield Corporate Bond ETF", "action_flag": 1, "change_message": "[{\"added\": {}}]"}}, {"model": "admin.logentry", "pk": 17, "fields": {"action_time": "2023-02-22T13:13:45.413Z", "user": 1, "content_type": 10, "object_id": "3", "object_repr": "BLQD39: iShares Investment Grade Corporate Bond ETF", "action_flag": 1, "change_message": "[{\"added\": {}}]"}}, {"model": "admin.logentry", "pk": 18, "fields": {"action_time": "2023-02-22T13:14:41.401Z", "user": 1, "content_type": 10, "object_id": "4", "object_repr": "BNDX11: INVESTO BLOOMBERG GLOBAL BOND ETF FDO", "action_flag": 1, "change_message": "[{\"added\": {}}]"}}, {"model": "admin.logentry", "pk": 19, "fields": {"action_time": "2023-02-22T13:15:17.413Z", "user": 1, "content_type": 10, "object_id": "5", "object_repr": "USDB11: INVESTO BLOOMBERG US BOND ETF", "action_flag": 1, "change_message": "[{\"added\": {}}]"}}, {"model": "admin.logentry", "pk": 20, "fields": {"action_time": "2023-02-22T13:16:10.187Z", "user": 1, "content_type": 10, "object_id": "6", "object_repr": "BSHV39: iShares Short Treasury Bond ETF", "action_flag": 1, "change_message": "[{\"added\": {}}]"}}, {"model": "admin.logentry", "pk": 21, "fields": {"action_time": "2023-02-22T13:17:01.707Z", "user": 1, "content_type": 10, "object_id": "7", "object_repr": "BEWJ39: Ishares Mcsi Japan Etf Bdr", "action_flag": 1, "change_message": "[{\"added\": {}}]"}}, {"model": "admin.logentry", "pk": 22, "fields": {"action_time": "2023-02-22T13:17:41.494Z", "user": 1, "content_type": 10, "object_id": "8", "object_repr": "BIEM39: Ishares Core Msci Emerging Market Etf Bdr", "action_flag": 1, "change_message": "[{\"added\": {}}]"}}, {"model": "admin.logentry", "pk": 23, "fields": {"action_time": "2023-02-22T13:18:16.329Z", "user": 1, "content_type": 10, "object_id": "9", "object_repr": "BIEU39: Ishares Core Msci Europe Etf Bbr", "action_flag": 1, "change_message": "[{\"added\": {}}]"}}, {"model": "admin.logentry", "pk": 24, "fields": {"action_time": "2023-02-22T13:18:56.739Z", "user": 1, "content_type": 10, "object_id": "10", "object_repr": "BIVB39: Ishares Core S&P 500 Etf Bdr", "action_flag": 1, "change_message": "[{\"added\": {}}]"}}, {"model": "admin.logentry", "pk": 25, "fields": {"action_time": "2023-02-22T13:20:12.923Z", "user": 1, "content_type": 10, "object_id": "11", "object_repr": "BIAU39: Ishares Gold Trust Bdr", "action_flag": 1, "change_message": "[{\"added\": {}}]"}}, {"model": "admin.logentry", "pk": 26, "fields": {"action_time": "2023-02-22T13:20:52.778Z", "user": 1, "content_type": 10, "object_id": "12", "object_repr": "BUSR39: iShares Core US Reit Etf Bdr", "action_flag": 1, "change_message": "[{\"added\": {}}]"}}, {"model": "admin.logentry", "pk": 27, "fields": {"action_time": "2023-02-22T13:21:34.128Z", "user": 1, "content_type": 10, "object_id": "13", "object_repr": "BGRT39: iShares Global Reit Etf", "action_flag": 1, "change_message": "[{\"added\": {}}]"}}, {"model": "admin.logentry", "pk": 28, "fields": {"action_time": "2023-02-22T13:22:05.516Z", "user": 1, "content_type": 10, "object_id": "14", "object_repr": "HASH11: Hashdex Nasdaq Crypto Index", "action_flag": 1, "change_message": "[{\"added\": {}}]"}}, {"model": "admin.logentry", "pk": 29, "fields": {"action_time": "2023-02-22T13:22:31.518Z", "user": 1, "content_type": 10, "object_id": "15", "object_repr": "IFRA11: Itau FICF Inc Inv Infra RF CP", "action_flag": 1, "change_message": "[{\"added\": {}}]"}}, {"model": "admin.logentry", "pk": 30, "fields": {"action_time": "2023-02-22T13:23:06.994Z", "user": 1, "content_type": 10, "object_id": "16", "object_repr": "KDIF11: Kinea Infra - FIC de Fundos Inc Inv Infra RF CP", "action_flag": 1, "change_message": "[{\"added\": {}}]"}}, {"model": "admin.logentry", "pk": 31, "fields": {"action_time": "2023-03-06T17:57:34.014Z", "user": 1, "content_type": 10, "object_id": "17", "object_repr": "BACW39: iShares MSCI ACWI ETF", "action_flag": 1, "change_message": "[{\"added\": {}}]"}}, {"model": "auth.permission", "pk": 1, "fields": {"name": "Can add log entry", "content_type": 1, "codename": "add_logentry"}}, {"model": "auth.permission", "pk": 2, "fields": {"name": "Can change log entry", "content_type": 1, "codename": "change_logentry"}}, {"model": "auth.permission", "pk": 3, "fields": {"name": "Can delete log entry", "content_type": 1, "codename": "delete_logentry"}}, {"model": "auth.permission", "pk": 4, "fields": {"name": "Can view log entry", "content_type": 1, "codename": "view_logentry"}}, {"model": "auth.permission", "pk": 5, "fields": {"name": "Can add permission", "content_type": 2, "codename": "add_permission"}}, {"model": "auth.permission", "pk": 6, "fields": {"name": "Can change permission", "content_type": 2, "codename": "change_permission"}}, {"model": "auth.permission", "pk": 7, "fields": {"name": "Can delete permission", "content_type": 2, "codename": "delete_permission"}}, {"model": "auth.permission", "pk": 8, "fields": {"name": "Can view permission", "content_type": 2, "codename": "view_permission"}}, {"model": "auth.permission", "pk": 9, "fields": {"name": "Can add group", "content_type": 3, "codename": "add_group"}}, {"model": "auth.permission", "pk": 10, "fields": {"name": "Can change group", "content_type": 3, "codename": "change_group"}}, {"model": "auth.permission", "pk": 11, "fields": {"name": "Can delete group", "content_type": 3, "codename": "delete_group"}}, {"model": "auth.permission", "pk": 12, "fields": {"name": "Can view group", "content_type": 3, "codename": "view_group"}}, {"model": "auth.permission", "pk": 13, "fields": {"name": "Can add content type", "content_type": 4, "codename": "add_contenttype"}}, {"model": "auth.permission", "pk": 14, "fields": {"name": "Can change content type", "content_type": 4, "codename": "change_contenttype"}}, {"model": "auth.permission", "pk": 15, "fields": {"name": "Can delete content type", "content_type": 4, "codename": "delete_contenttype"}}, {"model": "auth.permission", "pk": 16, "fields": {"name": "Can view content type", "content_type": 4, "codename": "view_contenttype"}}, {"model": "auth.permission", "pk": 17, "fields": {"name": "Can add session", "content_type": 5, "codename": "add_session"}}, {"model": "auth.permission", "pk": 18, "fields": {"name": "Can change session", "content_type": 5, "codename": "change_session"}}, {"model": "auth.permission", "pk": 19, "fields": {"name": "Can delete session", "content_type": 5, "codename": "delete_session"}}, {"model": "auth.permission", "pk": 20, "fields": {"name": "Can view session", "content_type": 5, "codename": "view_session"}}, {"model": "auth.permission", "pk": 21, "fields": {"name": "Can add user", "content_type": 6, "codename": "add_usuario"}}, {"model": "auth.permission", "pk": 22, "fields": {"name": "Can change user", "content_type": 6, "codename": "change_usuario"}}, {"model": "auth.permission", "pk": 23, "fields": {"name": "Can delete user", "content_type": 6, "codename": "delete_usuario"}}, {"model": "auth.permission", "pk": 24, "fields": {"name": "Can view user", "content_type": 6, "codename": "view_usuario"}}, {"model": "auth.permission", "pk": 25, "fields": {"name": "Can add extrato operacoes", "content_type": 7, "codename": "add_extratooperacoes"}}, {"model": "auth.permission", "pk": 26, "fields": {"name": "Can change extrato operacoes", "content_type": 7, "codename": "change_extratooperacoes"}}, {"model": "auth.permission", "pk": 27, "fields": {"name": "Can delete extrato operacoes", "content_type": 7, "codename": "delete_extratooperacoes"}}, {"model": "auth.permission", "pk": 28, "fields": {"name": "Can view extrato operacoes", "content_type": 7, "codename": "view_extratooperacoes"}}, {"model": "auth.permission", "pk": 29, "fields": {"name": "Can add perfil", "content_type": 8, "codename": "add_perfil"}}, {"model": "auth.permission", "pk": 30, "fields": {"name": "Can change perfil", "content_type": 8, "codename": "change_perfil"}}, {"model": "auth.permission", "pk": 31, "fields": {"name": "Can delete perfil", "content_type": 8, "codename": "delete_perfil"}}, {"model": "auth.permission", "pk": 32, "fields": {"name": "Can view perfil", "content_type": 8, "codename": "view_perfil"}}, {"model": "auth.permission", "pk": 33, "fields": {"name": "Can add posicao data", "content_type": 9, "codename": "add_posicaodata"}}, {"model": "auth.permission", "pk": 34, "fields": {"name": "Can change posicao data", "content_type": 9, "codename": "change_posicaodata"}}, {"model": "auth.permission", "pk": 35, "fields": {"name": "Can delete posicao data", "content_type": 9, "codename": "delete_posicaodata"}}, {"model": "auth.permission", "pk": 36, "fields": {"name": "Can view posicao data", "content_type": 9, "codename": "view_posicaodata"}}, {"model": "auth.permission", "pk": 37, "fields": {"name": "Can add ativo", "content_type": 10, "codename": "add_ativo"}}, {"model": "auth.permission", "pk": 38, "fields": {"name": "Can change ativo", "content_type": 10, "codename": "change_ativo"}}, {"model": "auth.permission", "pk": 39, "fields": {"name": "Can delete ativo", "content_type": 10, "codename": "delete_ativo"}}, {"model": "auth.permission", "pk": 40, "fields": {"name": "Can view ativo", "content_type": 10, "codename": "view_ativo"}}, {"model": "auth.permission", "pk": 41, "fields": {"name": "Can add caixa", "content_type": 11, "codename": "add_caixa"}}, {"model": "auth.permission", "pk": 42, "fields": {"name": "Can change caixa", "content_type": 11, "codename": "change_caixa"}}, {"model": "auth.permission", "pk": 43, "fields": {"name": "Can delete caixa", "content_type": 11, "codename": "delete_caixa"}}, {"model": "auth.permission", "pk": 44, "fields": {"name": "Can view caixa", "content_type": 11, "codename": "view_caixa"}}, {"model": "auth.permission", "pk": 45, "fields": {"name": "Can add instituicao financeira", "content_type": 12, "codename": "add_instituicaofinanceira"}}, {"model": "auth.permission", "pk": 46, "fields": {"name": "Can change instituicao financeira", "content_type": 12, "codename": "change_instituicaofinanceira"}}, {"model": "auth.permission", "pk": 47, "fields": {"name": "Can delete instituicao financeira", "content_type": 12, "codename": "delete_instituicaofinanceira"}}, {"model": "auth.permission", "pk": 48, "fields": {"name": "Can view instituicao financeira", "content_type": 12, "codename": "view_instituicaofinanceira"}}, {"model": "auth.permission", "pk": 49, "fields": {"name": "Can add extrato operacao", "content_type": 7, "codename": "add_extratooperacao"}}, {"model": "auth.permission", "pk": 50, "fields": {"name": "Can change extrato operacao", "content_type": 7, "codename": "change_extratooperacao"}}, {"model": "auth.permission", "pk": 51, "fields": {"name": "Can delete extrato operacao", "content_type": 7, "codename": "delete_extratooperacao"}}, {"model": "auth.permission", "pk": 52, "fields": {"name": "Can view extrato operacao", "content_type": 7, "codename": "view_extratooperacao"}}, {"model": "auth.permission", "pk": 53, "fields": {"name": "Can add parametro", "content_type": 13, "codename": "add_parametro"}}, {"model": "auth.permission", "pk": 54, "fields": {"name": "Can change parametro", "content_type": 13, "codename": "change_parametro"}}, {"model": "auth.permission", "pk": 55, "fields": {"name": "Can delete parametro", "content_type": 13, "codename": "delete_parametro"}}, {"model": "auth.permission", "pk": 56, "fields": {"name": "Can view parametro", "content_type": 13, "codename": "view_parametro"}}, {"model": "auth.permission", "pk": 57, "fields": {"name": "Can add ativo perfil caixa", "content_type": 14, "codename": "add_ativoperfilcaixa"}}, {"model": "auth.permission", "pk": 58, "fields": {"name": "Can change ativo perfil caixa", "content_type": 14, "codename": "change_ativoperfilcaixa"}}, {"model": "auth.permission", "pk": 59, "fields": {"name": "Can delete ativo perfil caixa", "content_type": 14, "codename": "delete_ativoperfilcaixa"}}, {"model": "auth.permission", "pk": 60, "fields": {"name": "Can view ativo perfil caixa", "content_type": 14, "codename": "view_ativoperfilcaixa"}}, {"model": "auth.permission", "pk": 61, "fields": {"name": "Can add classe ativo", "content_type": 15, "codename": "add_classeativo"}}, {"model": "auth.permission", "pk": 62, "fields": {"name": "Can change classe ativo", "content_type": 15, "codename": "change_classeativo"}}, {"model": "auth.permission", "pk": 63, "fields": {"name": "Can delete classe ativo", "content_type": 15, "codename": "delete_classeativo"}}, {"model": "auth.permission", "pk": 64, "fields": {"name": "Can view classe ativo", "content_type": 15, "codename": "view_classeativo"}}, {"model": "contenttypes.contenttype", "pk": 1, "fields": {"app_label": "admin", "model": "logentry"}}, {"model": "contenttypes.contenttype", "pk": 2, "fields": {"app_label": "auth", "model": "permission"}}, {"model": "contenttypes.contenttype", "pk": 3, "fields": {"app_label": "auth", "model": "group"}}, {"model": "contenttypes.contenttype", "pk": 4, "fields": {"app_label": "contenttypes", "model": "contenttype"}}, {"model": "contenttypes.contenttype", "pk": 5, "fields": {"app_label": "sessions", "model": "session"}}, {"model": "contenttypes.contenttype", "pk": 6, "fields": {"app_label": "investimento", "model": "usuario"}}, {"model": "contenttypes.contenttype", "pk": 7, "fields": {"app_label": "investimento", "model": "extratooperacao"}}, {"model": "contenttypes.contenttype", "pk": 8, "fields": {"app_label": "investimento", "model": "perfil"}}, {"model": "contenttypes.contenttype", "pk": 9, "fields": {"app_label": "investimento", "model": "posicaodata"}}, {"model": "contenttypes.contenttype", "pk": 10, "fields": {"app_label": "investimento", "model": "ativo"}}, {"model": "contenttypes.contenttype", "pk": 11, "fields": {"app_label": "investimento", "model": "caixa"}}, {"model": "contenttypes.contenttype", "pk": 12, "fields": {"app_label": "investimento", "model": "instituicaofinanceira"}}, {"model": "contenttypes.contenttype", "pk": 13, "fields": {"app_label": "investimento", "model": "parametro"}}, {"model": "contenttypes.contenttype", "pk": 14, "fields": {"app_label": "investimento", "model": "ativoperfilcaixa"}}, {"model": "contenttypes.contenttype", "pk": 15, "fields": {"app_label": "investimento", "model": "classeativo"}}, {"model": "sessions.session", "pk": "51x0oq88flmk1aomk75od9davxuc126y", "fields": {"session_data": ".eJxVjMsOwiAQAP-FsyGl8ig9evcbyO6yWLQBU9qT8d-1SQ96nZnMSwTY1ilsjZeQoxiFEqdfhkAPLruIdyi3KqmWdcko90QetslrjTxfjvZvMEGb9m1KbLXhjlTnKCqlU3KICcigP5Meejr33pB3jIPTYJXprLcYFQFYY77THMOTl5Tn0HhmyrVArGLs3x8tI0Gg:1qfUT8:DX4SIjaf_j2vgAZGuhng6Z543DWXfUPuapo6rguPwZs", "expire_date": "2023-09-25T00:07:58.246Z"}}, {"model": "sessions.session", "pk": "69wmjbx35dt9vvisptpqa6r0qtcyb309", "fields": {"session_data": ".eJxVjMsOwiAQAP-FsyGl8ig9evcbyO6yWLQBU9qT8d-1SQ96nZnMSwTY1ilsjZeQoxiFEqdfhkAPLruIdyi3KqmWdcko90QetslrjTxfjvZvMEGb9m1KbLXhjlTnKCqlU3KICcigP5Meejr33pB3jIPTYJXprLcYFQFYY77THMOTl5Tn0HhmyrVArGJU7w8tIUGf:1qfUPE:rMRb0KcT0i-HVADIzP1Ta6tfl13eSDFC2omCUAew3Uo", "expire_date": "2023-09-25T00:03:56.112Z"}}, {"model": "sessions.session", "pk": "744brikdrohw3ooaj4rjudkfurrqnbjm", "fields": {"session_data": ".eJxVjEsOgyAUAO_CuiGgfMRl9z0DeTweldaAEV01vXtr4qLdzkzmxTzs2-T3RqvPkY1MsssvC4BPKoeIDyj3yrGWbc2BHwk_beO3Gmm-nu3fYII2HduUyChNAqWwGKVUKdkQEqAOrkc1dNh3TqOzFAarwEgtjDMhSgQwWn-nOfqF1pRn32gmzLVArGwU7w8tH0Ge:1r18Na:SsDKOh-wuJnwtuCvbI2NXRxC-YPP17pos29qQ_juXZ4", "expire_date": "2023-11-23T16:59:42.524Z"}}, {"model": "sessions.session", "pk": "7p4m6kkgq2kcpjoxldqm4nfbnh54mvv0", "fields": {"session_data": ".eJxVjMsOwiAQRf-FtSE8h-LSvd9AGBikaiAp7cr479qkC93ec859sRC3tYZt0BLmzM5MstPvhjE9qO0g32O7dZ56W5cZ-a7wgw5-7Zmel8P9O6hx1G-tUZsiHBhQXk9GW-uKhIRQJomYslSugFIiSWuNt8J5FESZgCwoWQR7fwC0kjbk:1pWIWD:Wr3W4v62lbRCbu6LTA_TO_IcVlOM0wSbkFiQ6Xm75uY", "expire_date": "2023-03-12T15:00:53.675Z"}}, {"model": "sessions.session", "pk": "fvh8re864knzmwl4c011ow1o9h977xaj", "fields": {"session_data": ".eJxVjMsOwiAQAP-FsyGl8ig9evcbyO6yWLQBU9qT8d-1SQ96nZnMSwTY1ilsjZeQoxiFEqdfhkAPLruIdyi3KqmWdcko90QetslrjTxfjvZvMEGb9m1KbLXhjlTnKCqlU3KICcigP5Meejr33pB3jIPTYJXprLcYFQFYY77THMOTl5Tn0HhmyrVArGJU7w8tIUGf:1q8Qzw:ushLvkjiea28QCM1QiXuJrKOWsIB0nZ1Jnl2ttOnU-U", "expire_date": "2023-06-25T19:45:12.426Z"}}, {"model": "sessions.session", "pk": "g93heob861p509jke1sptsat2dbn2eom", "fields": {"session_data": ".eJxVjMsOwiAQAP-FsyHQ8igevfcbyO6ySNXQpLQn478bkh70OjOZt4hw7CUejbe4JHEVWlx-GQI9uXaRHlDvq6S17tuCsifytE3Oa-LX7Wz_BgVa6duc2RnLirTylLQ2OXvEDGQxjGSmgcYhWAqecfIGnLbKBYdJE4CzVny--l44MQ:1puzXJ:KTpTnXRIxZNhMQ4iYrSbsYp2ZLZA0lo00O4BpmypNDk", "expire_date": "2023-05-19T17:48:05.578Z"}}, {"model": "sessions.session", "pk": "i0soxw2tqvqfck5jnnpl2ix0xdg819hd", "fields": {"session_data": ".eJxVjEsOgyAUAO_CuiGgfMRl9z0DeTweldaAEV01vXtr4qLdzkzmxTzs2-T3RqvPkY1MsssvC4BPKoeIDyj3yrGWbc2BHwk_beO3Gmm-nu3fYII2HduUyChNAqWwGKVUKdkQEqAOrkc1dNh3TqOzFAarwEgtjDMhSgQwWn-nOfqF1pRn32gmzLVArGwU7w8tH0Ge:1qopbW:Tbx6HbO_spV1auw-0MvV7J5cDdQWayqyNCJ-TTTy5sw", "expire_date": "2023-10-20T18:31:14.932Z"}}, {"model": "sessions.session", "pk": "jkwtgf2aiq9dh23hexob3t342pcz22ub", "fields": {"session_data": ".eJxVjMsOwiAQRf-FtSE8h-LSvd9AGBikaiAp7cr479qkC93ec859sRC3tYZt0BLmzM5MstPvhjE9qO0g32O7dZ56W5cZ-a7wgw5-7Zmel8P9O6hx1G-tUZsiHBhQXk9GW-uKhIRQJomYslSugFIiSWuNt8J5FESZgCwoWQR7fwC0kjbk:1pWHq3:h_a5gfzkzIvykxz4z_e2p5kCzqQMewZobyHPib6F22c", "expire_date": "2023-03-12T14:17:19.226Z"}}, {"model": "sessions.session", "pk": "no1gz0rq0w9jyi4e9q2v6x05762o57o9", "fields": {"session_data": ".eJxVjMsOwiAQRf-FtSE8h-LSvd9AGBikaiAp7cr479qkC93ec859sRC3tYZt0BLmzM5MstPvhjE9qO0g32O7dZ56W5cZ-a7wgw5-7Zmel8P9O6hx1G-tUZsiHBhQXk9GW-uKhIRQJomYslSugFIiSWuNt8J5FESZgCwoWQR7fwC0kjbk:1plYli:NcAdY0ILosmoqgPMldhhtVlys3r-2-aMqKJJMgb6S6U", "expire_date": "2023-04-23T17:23:58.511Z"}}, {"model": "sessions.session", "pk": "osyzehsll2e9enyq9jvz1uf8dyagars4", "fields": {"session_data": ".eJxVjEsOgyAUAO_CuiGgfMRl9z0DeTweldaAEV01vXtr4qLdzkzmxTzs2-T3RqvPkY1MsssvC4BPKoeIDyj3yrGWbc2BHwk_beO3Gmm-nu3fYII2HduUyChNAqWwGKVUKdkQEqAOrkc1dNh3TqOzFAarwEgtjDMhSgQwWn-nOfqF1pRn32gmzLVArGwU7w8tH0Ge:1rBEgj:FnKfGI8qdfBQA_5y0YWBds5h-svlNIFeQLXPPs-3Ztw", "expire_date": "2023-12-21T13:45:13.611Z"}}, {"model": "sessions.session", "pk": "rcs54x5fb20qdz3ti12c08ujkkch3x1u", "fields": {"session_data": ".eJxVjEsOgyAUAO_CuiGgfMRl9z0DeTweldaAEV01vXtr4qLdzkzmxTzs2-T3RqvPkY1MsssvC4BPKoeIDyj3yrGWbc2BHwk_beO3Gmm-nu3fYII2HduUyChNAqWwGKVUKdkQEqAOrkc1dNh3TqOzFAarwEgtjDMhSgQwWn-nOfqF1pRn32gmzLVArGwU7w8tH0Ge:1rBwkE:QP7Vobua1fo0sx_FYCrn-soMwNJkv89_AlaP1LUYpUU", "expire_date": "2023-12-23T12:47:46.230Z"}}, {"model": "sessions.session", "pk": "sz85335c6ep4f3cy6giuuecbafycy6e7", "fields": {"session_data": ".eJxVjMsOwiAQRf-FtSE8h-LSvd9AGBikaiAp7cr479qkC93ec859sRC3tYZt0BLmzM5MstPvhjE9qO0g32O7dZ56W5cZ-a7wgw5-7Zmel8P9O6hx1G-tUZsiHBhQXk9GW-uKhIRQJomYslSugFIiSWuNt8J5FESZgCwoWQR7fwC0kjbk:1pHAru:Z6PtAQczTpbjrvuw-5Rn7unrjxNlBMUkYQEZnF0Z9F0", "expire_date": "2023-01-29T21:48:46.357Z"}}, {"model": "sessions.session", "pk": "u2w81zy0rgej0ftm9l2cz418ec3mjfhu", "fields": {"session_data": ".eJxVjEsOgyAUAO_CuiGgfMRl9z0DeTweldaAEV01vXtr4qLdzkzmxTzs2-T3RqvPkY1MsssvC4BPKoeIDyj3yrGWbc2BHwk_beO3Gmm-nu3fYII2HduUyChNAqWwGKVUKdkQEqAOrkc1dNh3TqOzFAarwEgtjDMhSgQwWn-nOfqF1pRn32gmzLVArGwU7w8tH0Ge:1qHpTx:lJ5kn1Meg5CneDL9PIitOChqXwDQ3lHGHZhf9UdxLfk", "expire_date": "2023-07-21T17:43:01.795Z"}}, {"model": "sessions.session", "pk": "ug3j0oul533v39y0g343zqycc3f12f2c", "fields": {"session_data": ".eJxVjEsOgyAUAO_CuiGgfMRl9z0DeTweldaAEV01vXtr4qLdzkzmxTzs2-T3RqvPkY1MsssvC4BPKoeIDyj3yrGWbc2BHwk_beO3Gmm-nu3fYII2HduUyChNAqWwGKVUKdkQEqAOrkc1dNh3TqOzFAarwEgtjDMhSgQwWn-nOfqF1pRn32gmzLVArGwU7w8tH0Ge:1qRw6G:4WiAyQVsYvWCB0XzgPHXzAJlmGbvvgEB1FAMn36gl6k", "expire_date": "2023-08-18T14:48:20.303Z"}}, {"model": "sessions.session", "pk": "uu0zocae5dvq5o7zjurzdbejcit2xwku", "fields": {"session_data": ".eJxVjLsOAiEURP-F2hDuwmXB0t5vIFwesmogWXYr478ryRbaTDHnzLyY8_tW3N7T6pbIzgzY6bcjHx6pDhDvvt4aD61u60J8KPygnV9bTM_L4f4dFN_LWKPJNKHRUia0mTRNQev8DdRGYSZS3guAmeYMIIwFCqBEsgIDSJPY-wPc-Ddv:1pqHCQ:dw-6EB3bix7E8pHjW-I2dHSomCO30UB2GY99GkLIuuA", "expire_date": "2023-05-06T17:39:02.890Z"}}, {"model": "sessions.session", "pk": "vhb7f2wr90veg9i1hd4hv0vjsokmu8pg", "fields": {"session_data": ".eJxVjMsOwiAQRf-FtSE8h-LSvd9AGBikaiAp7cr479qkC93ec859sRC3tYZt0BLmzM5MstPvhjE9qO0g32O7dZ56W5cZ-a7wgw5-7Zmel8P9O6hx1G-tUZsiHBhQXk9GW-uKhIRQJomYslSugFIiSWuNt8J5FESZgCwoWQR7fwC0kjbk:1pqD1B:YyYdsV-TjyMMJ7UyqMTKXjYqcLtM8gJ5I2GSFTJeh_I", "expire_date": "2023-05-06T13:11:09.079Z"}}, {"model": "sessions.session", "pk": "xe7z7lvv6r7z2sj9abgwi44ioiu9kn3n", "fields": {"session_data": ".eJxVjMsOwiAQAP-FsyGl8ig9evcbyO6yWLQBU9qT8d-1SQ96nZnMSwTY1ilsjZeQoxiFEqdfhkAPLruIdyi3KqmWdcko90QetslrjTxfjvZvMEGb9m1KbLXhjlTnKCqlU3KICcigP5Meejr33pB3jIPTYJXprLcYFQFYY77THMOTl5Tn0HhmyrVArGJU7w8tIUGf:1q8R8O:aKTa5uDh06F1rDDxWEPO7UUmQw-5-vmrgusd0rQjMMs", "expire_date": "2023-06-25T19:53:56.298Z"}}, {"model": "sessions.session", "pk": "zcu2o6v5t6xbdbvdha9r2d8tmfqb4kqf", "fields": {"session_data": ".eJxVjMsOwiAQRf-FtSE8h-LSvd9AGBikaiAp7cr479qkC93ec859sRC3tYZt0BLmzM5MstPvhjE9qO0g32O7dZ56W5cZ-a7wgw5-7Zmel8P9O6hx1G-tUZsiHBhQXk9GW-uKhIRQJomYslSugFIiSWuNt8J5FESZgCwoWQR7fwC0kjbk:1pH5e4:koefxrK0uMddJ2yzBiYN7OluQvLAAmKwbtUmSqTxZiQ", "expire_date": "2023-01-29T16:14:08.640Z"}}, {"model": "investimento.parametro", "pk": 2, "fields": {"nome": "E_MAIL_API_SCRAPERLINK", "valor": "4hp06pkdk@mozmail.com", "descricao": "E-mail cadastrado na API scraperlink.com/investpy"}}, {"model": "investimento.parametro", "pk": 3, "fields": {"nome": "BRD_CUSTO", "valor": "1.0038", "descricao": "Estimativa de custos operacionais para criar o BRD"}}, {"model": "investimento.parametro", "pk": 4, "fields": {"nome": "BRD_IMPOSTO_DIVIDENDOS_USA", "valor": "0.441826", "descricao": "fator para cálculo do imposto de renda sobre dividendos retido nos EUA para os BRDs"}}, {"model": "investimento.usuario", "pk": 1, "fields": {"password": "pbkdf2_sha256$600000$hhw3D2c1aRpAnsBzmPdVuW$WDFo97hqaYG7sqi8s1NL0DIEWpE/J9cu9kzR9T5urAs=", "last_login": "2023-12-09T12:47:31.454Z", "is_superuser": true, "username": "vlima", "first_name": "", "last_name": "", "email": "vitor.castillo@gmail.com", "is_staff": true, "is_active": true, "date_joined": "2022-12-24T14:56:24.328Z", "observacao": "", "groups": [], "user_permissions": []}}, {"model": "investimento.usuario", "pk": 2, "fields": {"password": "pbkdf2_sha256$390000$CdEKINNI9YbsYFShzxXlZ6$Rf4QqKEmhfMURQ4pAwVPbFQy7EhOZk+VnLSILjYX3C0=", "last_login": null, "is_superuser": false, "username": "dani", "first_name": "Daniela", "last_name": "", "email": "castro.danicris@gmail.com", "is_staff": false, "is_active": true, "date_joined": "2023-01-08T22:28:20Z", "observacao": "Dani", "groups": [], "user_permissions": []}}, {"model": "investimento.perfil", "pk": 1, "fields": {"nome": "ViDa", "usuarios_permitidos": [1]}}, {"model": "investimento.perfil", "pk": 2, "fields": {"nome": "Teste", "usuarios_permitidos": [2, 1]}}, {"model": "investimento.ativo", "pk": 1, "fields": {"ticket": "BIVB39", "nome": "BRD ETF S&P 500", "cnpj": "-", "ticket_original": "IVV", "desdobramento": "40.0000000000"}}, {"model": "investimento.ativo", "pk": 2, "fields": {"ticket": "BHYG39", "nome": "iShares High Yield Corporate Bond ETF", "cnpj": "-", "ticket_original": "HYG", "desdobramento": "8.0000000000"}}, {"model": "investimento.ativo", "pk": 3, "fields": {"ticket": "BLQD39", "nome": "iShares Investment Grade Corporate Bond ETF", "cnpj": "-", "ticket_original": "LQD", "desdobramento": "10.0000000000"}}, {"model": "investimento.ativo", "pk": 4, "fields": {"ticket": "BNDX11", "nome": "INVESTO BLOOMBERG GLOBAL BOND ETF FDO", "cnpj": "-", "ticket_original": "-", "desdobramento": "0E-10"}}, {"model": "investimento.ativo", "pk": 5, "fields": {"ticket": "USDB11", "nome": "INVESTO BLOOMBERG US BOND ETF", "cnpj": "-", "ticket_original": "-", "desdobramento": "0E-10"}}, {"model": "investimento.ativo", "pk": 6, "fields": {"ticket": "BSHV39", "nome": "iShares Short Treasury Bond ETF", "cnpj": "-", "ticket_original": "SHV", "desdobramento": "10.0000000000"}}, {"model": "investimento.ativo", "pk": 7, "fields": {"ticket": "BEWJ39", "nome": "Ishares Mcsi Japan Etf Bdr", "cnpj": "-", "ticket_original": "EWJ", "desdobramento": "8.0000000000"}}, {"model": "investimento.ativo", "pk": 8, "fields": {"ticket": "BIEM39", "nome": "Ishares Core Msci Emerging Market Etf Bdr", "cnpj": "-", "ticket_original": "IEMG", "desdobramento": "6.0000000000"}}, {"model": "investimento.ativo", "pk": 9, "fields": {"ticket": "BIEU39", "nome": "Ishares Core Msci Europe Etf Bbr", "cnpj": "-", "ticket_original": "IEUR", "desdobramento": "6.0000000000"}}, {"model": "investimento.ativo", "pk": 10, "fields": {"ticket": "BIVB39", "nome": "Ishares Core S&P 500 Etf Bdr", "cnpj": "-", "ticket_original": "IVV", "desdobramento": "40.0000000000"}}, {"model": "investimento.ativo", "pk": 11, "fields": {"ticket": "BIAU39", "nome": "Ishares Gold Trust Bdr", "cnpj": "-", "ticket_original": "IAU", "desdobramento": "4.0000000000"}}, {"model": "investimento.ativo", "pk": 12, "fields": {"ticket": "BUSR39", "nome": "iShares Core US Reit Etf Bdr", "cnpj": "-", "ticket_original": "USRT", "desdobramento": "6.0000000000"}}, {"model": "investimento.ativo", "pk": 13, "fields": {"ticket": "BGRT39", "nome": "iShares Global Reit Etf", "cnpj": "-", "ticket_original": "REET", "desdobramento": "3.0000000000"}}, {"model": "investimento.ativo", "pk": 14, "fields": {"ticket": "HASH11", "nome": "Hashdex Nasdaq Crypto Index", "cnpj": "38.314.708/0001-90", "ticket_original": "NCI", "desdobramento": "0E-10"}}, {"model": "investimento.ativo", "pk": 15, "fields": {"ticket": "", "nome": "XP SEG SUPERPREV 2 FIM", "cnpj": "29.408.732/0001-05", "ticket_original": "-", "desdobramento": "0E-10"}}, {"model": "investimento.ativo", "pk": 16, "fields": {"ticket": "KDIF11", "nome": "KINEA FICFI INFRA RF CP", "cnpj": "26.324.298/0001-89", "ticket_original": "-", "desdobramento": "0E-10"}}, {"model": "investimento.ativo", "pk": 17, "fields": {"ticket": "BACW39", "nome": "iShares MSCI ACWI ETF", "cnpj": "-", "ticket_original": "ACWI", "desdobramento": "10.0000000000"}}, {"model": "investimento.ativo", "pk": 18, "fields": {"ticket": "", "nome": "PI SELIC RENDA FIXA SIMPLES FUNDO DE INVESTIMENTO", "cnpj": "30.353.590/0001-05", "ticket_original": "", "desdobramento": "0E-10"}}, {"model": "investimento.ativo", "pk": 19, "fields": {"ticket": "", "nome": "ICATU VANGUARDA INFLAÇÃO CRÉDITO PRIVADO FIRF LP", "cnpj": "19.719.727/0001-51", "ticket_original": "", "desdobramento": "0E-10"}}, {"model": "investimento.ativo", "pk": 20, "fields": {"ticket": "HGRU11", "nome": "CSHG RENDA URBANA - FDO INV IMOB - FII", "cnpj": "29.641.226/0001-53", "ticket_original": "", "desdobramento": "0E-10"}}, {"model": "investimento.ativo", "pk": 21, "fields": {"ticket": "", "nome": "BRASIL CAPITAL 30 FIC FIA", "cnpj": "14.866.273/0001-28", "ticket_original": "", "desdobramento": "0E-10"}}, {"model": "investimento.ativo", "pk": 22, "fields": {"ticket": "IFRA11", "nome": "ITAU FIC FI INFRAESTRUTURA", "cnpj": "34.633.510/0001-18", "ticket_original": "", "desdobramento": "0E-10"}}, {"model": "investimento.ativo", "pk": 23, "fields": {"ticket": "", "nome": "ALASKA BLACK INSTITUCIONAL FUNDO DE INVESTIMENTO DE ACOES", "cnpj": "26.673.556/0001-32", "ticket_original": "", "desdobramento": "0E-10"}}, {"model": "investimento.ativo", "pk": 24, "fields": {"ticket": "BNDX11", "nome": "INVESTO BLOOMBERG GLOBAL BOND ETF FDO INV IND - IE", "cnpj": "43.216.095/0001-98", "ticket_original": "BNDX", "desdobramento": "0E-10"}}, {"model": "investimento.caixa", "pk": 1, "fields": {"perfil": 1, "nome": "Reserva de emergência", "cota_sistema_valor": "100.0000", "alocacao_teorica_valor": "49000.0000", "alocacao_teorica_percentual": "0.00"}}, {"model": "investimento.caixa", "pk": 2, "fields": {"perfil": 1, "nome": "Renda Fixa Pós", "cota_sistema_valor": "0.0000", "alocacao_teorica_valor": "0.0000", "alocacao_teorica_percentual": "14.00"}}, {"model": "investimento.caixa", "pk": 3, "fields": {"perfil": 1, "nome": "Renda Fixa Dinâmica", "cota_sistema_valor": "0.0000", "alocacao_teorica_valor": "0.0000", "alocacao_teorica_percentual": "15.00"}}, {"model": "investimento.caixa", "pk": 4, "fields": {"perfil": 1, "nome": "Multimercados", "cota_sistema_valor": "0.0000", "alocacao_teorica_valor": "0.0000", "alocacao_teorica_percentual": "16.00"}}, {"model": "investimento.caixa", "pk": 5, "fields": {"perfil": 1, "nome": "Fundos Imobiliários", "cota_sistema_valor": "0.0000", "alocacao_teorica_valor": "0.0000", "alocacao_teorica_percentual": "21.50"}}, {"model": "investimento.caixa", "pk": 6, "fields": {"perfil": 1, "nome": "Ações", "cota_sistema_valor": "0.0000", "alocacao_teorica_valor": "0.0000", "alocacao_teorica_percentual": "17.00"}}, {"model": "investimento.caixa", "pk": 7, "fields": {"perfil": 1, "nome": "Internacional", "cota_sistema_valor": "0.0000", "alocacao_teorica_valor": "0.0000", "alocacao_teorica_percentual": "12.00"}}, {"model": "investimento.caixa", "pk": 8, "fields": {"perfil": 1, "nome": "Ouro", "cota_sistema_valor": "0.0000", "alocacao_teorica_valor": "0.0000", "alocacao_teorica_percentual": "3.00"}}, {"model": "investimento.caixa", "pk": 9, "fields": {"perfil": 1, "nome": "Alternativos", "cota_sistema_valor": "0.0000", "alocacao_teorica_valor": "0.0000", "alocacao_teorica_percentual": "1.50"}}, {"model": "investimento.caixa", "pk": 10, "fields": {"perfil": 1, "nome": "Previdência", "cota_sistema_valor": "0.0000", "alocacao_teorica_valor": "0.0000", "alocacao_teorica_percentual": "0.00"}}, {"model": "investimento.caixa", "pk": 11, "fields": {"perfil": 2, "nome": "Reserva de emergência", "cota_sistema_valor": "100.0000", "alocacao_teorica_valor": "49000.0000", "alocacao_teorica_percentual": "0.00"}}, {"model": "investimento.caixa", "pk": 12, "fields": {"perfil": 2, "nome": "Renda Fixa Pós", "cota_sistema_valor": "0.0000", "alocacao_teorica_valor": "0.0000", "alocacao_teorica_percentual": "14.00"}}, {"model": "investimento.caixa", "pk": 13, "fields": {"perfil": 2, "nome": "Renda Fixa Dinâmica", "cota_sistema_valor": "0.0000", "alocacao_teorica_valor": "0.0000", "alocacao_teorica_percentual": "15.00"}}, {"model": "investimento.caixa", "pk": 14, "fields": {"perfil": 2, "nome": "Multimercados", "cota_sistema_valor": "0.0000", "alocacao_teorica_valor": "0.0000", "alocacao_teorica_percentual": "16.00"}}, {"model": "investimento.caixa", "pk": 15, "fields": {"perfil": 2, "nome": "Fundos Imobiliários", "cota_sistema_valor": "0.0000", "alocacao_teorica_valor": "0.0000", "alocacao_teorica_percentual": "21.50"}}, {"model": "investimento.caixa", "pk": 16, "fields": {"perfil": 2, "nome": "Ações", "cota_sistema_valor": "0.0000", "alocacao_teorica_valor": "0.0000", "alocacao_teorica_percentual": "17.00"}}, {"model": "investimento.caixa", "pk": 17, "fields": {"perfil": 2, "nome": "Internacional", "cota_sistema_valor": "0.0000", "alocacao_teorica_valor": "0.0000", "alocacao_teorica_percentual": "12.00"}}, {"model": "investimento.caixa", "pk": 18, "fields": {"perfil": 2, "nome": "Ouro", "cota_sistema_valor": "0.0000", "alocacao_teorica_valor": "0.0000", "alocacao_teorica_percentual": "3.00"}}, {"model": "investimento.caixa", "pk": 19, "fields": {"perfil": 2, "nome": "Alternativos", "cota_sistema_valor": "0.0000", "alocacao_teorica_valor": "0.0000", "alocacao_teorica_percentual": "1.50"}}, {"model": "investimento.caixa", "pk": 20, "fields": {"perfil": 2, "nome": "Previdência", "cota_sistema_valor": "0.0000", "alocacao_teorica_valor": "0.0000", "alocacao_teorica_percentual": "0.00"}}, {"model": "investimento.instituicaofinanceira", "pk": 1, "fields": {"nome": "Clear", "perfil": 2}}, {"model": "investimento.instituicaofinanceira", "pk": 2, "fields": {"nome": "XP", "perfil": 2}}, {"model": "investimento.instituicaofinanceira", "pk": 3, "fields": {"nome": "Banco do Brasil", "perfil": 1}}, {"model": "investimento.instituicaofinanceira", "pk": 7, "fields": {"nome": "XP (Vitor)", "perfil": 2}}, {"model": "investimento.instituicaofinanceira", "pk": 9, "fields": {"nome": "XP (Vitor)", "perfil": 1}}, {"model": "investimento.instituicaofinanceira", "pk": 10, "fields": {"nome": "XP (Dani)", "perfil": 1}}]